{
	"arrow_1_thinbevShape": 
		{
			"overrideRGBColors": true, 
			"knots": [
				0.0, 0.02757273285, 0.05759148847, 0.9396929142, 0.9684622726, 
				1.0, 1.091908892, 1.175546819, 1.894516366, 1.944259907, 
				2.0, 2.012286706, 2.02502663, 2.974005948, 2.987112484, 
				3.0, 3.057775177, 3.123965742, 3.895103402, 3.941682071, 
				4.0, 4.011887305, 4.023442528, 4.979111743, 4.990151033, 
				5.0, 5.046405681, 5.103215278, 5.857970479, 5.935289173, 
				6.0, 6.026174686, 6.066419819, 6.94420169, 6.978151967, 
				7.0
					],
			"degree": 1, 
			"form": 3, 
			"overrideColorRGB": [0.26800012588500977, 0.18285703659057617, 1.0], 
			"cvs": [
				[0.0, 1.1102230246251567e-15, -0.9872510057736841, 1.0], [-0.012254548517675715, 1.0939007722798594e-15, -0.9826513517101454, 1.0], 
				[-0.025596218318300522, 1.0761305459121288e-15, -0.9692922251143744, 1.0], [-0.4176413151146888, 5.539522713378043e-16, -0.4989558485555955, 1.0], 
				[-0.41966745020057694, 5.3692165162478215e-16, -0.48876223514056427, 1.0], [-0.41789018871866207, 5.182522383380971e-16, -0.47669920264595556, 1.0], 
				[-0.4060047891723487, 5.182522383380971e-16, -0.46971847788886617, 1.0], [-0.3898533284542558, 5.182522383380971e-16, -0.46680011749267636, 1.0], 
				[-0.16626986853043166, 5.182522383380971e-16, -0.46680011749267636, 1.0], [-0.15181672032413987, 5.182522383380971e-16, -0.46397066956400757, 1.0], 
				[-0.14033165899342587, 5.182522383380971e-16, -0.45797389072061134, 1.0], [-0.13474008330290424, 4.982436415537952e-16, -0.4456177313538933, 1.0], 
				[-0.13346681594848642, 4.774969904677628e-16, -0.43009105366823036, 1.0], [-0.13346681594848642, -1.067892353958976e-15, 0.961871921472289, 1.0], 
				[-0.13211215206827293, -1.0892360236181134e-15, 0.9763952187227876, 1.0], [-0.12635234682491103, -1.1102230246251567e-15, 0.9884916272748994, 1.0], 
				[-0.11566922825047932, -1.1102230246251567e-15, 0.9957789772573559, 1.0], [-0.10037619611677048, -1.1102230246251567e-15, 1.0, 1.0], 
				[0.10546634338885334, -1.1102230246251567e-15, 1.0, 1.0], [0.11814556506151523, -1.1102230246251565e-15, 0.9961247333417125, 1.0], 
				[0.1281293498330178, -1.1102230246251567e-15, 0.987603101928988, 1.0], [0.13216235811711843, -1.0908648424893571e-15, 0.9766846278761323, 1.0], 
				[0.13346676826477044, -1.0720474476758328e-15, 0.9656144971752741, 1.0], [0.13346676826477044, 4.842362285271778e-16, -0.43616121967085886, 1.0], 
				[0.13594622969037076, 5.022134392128559e-16, -0.449772613185814, 1.0], [0.14131230317327256, 5.182522383380971e-16, -0.45797389072061134, 1.0], 
				[0.15054922950913613, 5.182522383380971e-16, -0.4640257276426618, 1.0], [0.1655644177508665, 5.182522383380971e-16, -0.46680011749267636, 1.0], 
				[0.4002764522377168, 5.182522383380971e-16, -0.46680011749267636, 1.0], [0.41459395443677516, 5.182522383380971e-16, -0.4694561974025743, 1.0], 
				[0.42331105123287993, 5.182522383380971e-16, -0.4769015738576734, 1.0], [0.4227712001621389, 5.337468877903341e-16, -0.48872053618566924, 1.0], 
				[0.41492454467403206, 5.575708308165714e-16, -0.5022151571796342, 1.0], [0.02479925007140928, 1.0771920551809675e-15, -0.9702483476638929, 1.0], 
				[0.011931550716687663, 1.0972896273513208e-15, -0.9837033913201035, 1.0], [0.0, 1.1102230246251567e-15, -0.9872510057736841, 1.0]
				], 
			"overrideEnabled": true, 
			"useOutlinerColor": false, 
			"outlinerColor": [0.0, 0.0, 0.0]
		}
}